{"cameraMode":{"drawMode":0,"name":"Shaded","section":"Shading Mode"},"sceneLighting":true,"audioPlay":false,"sceneViewState":{"m_AlwaysRefresh":false,"showFog":true,"showSkybox":true,"showFlares":true,"showImageEffects":true,"showParticleSystems":true,"showVisualEffectGraphs":true,"m_FxEnabled":true},"in2DMode":false,"pivot":{"x":-0.0004067420959472656,"y":-2.029007911682129,"z":6.571991443634033},"rotation":{"x":-0.05224237218499184,"y":0.6726698875427246,"z":-0.04771127179265022,"w":-0.736552894115448},"size":63.90384292602539,"orthographic":false}